model,hit_rate,MAP_at_k
dense,0.5418070444104135,0.29345730328885
popularity,0.6814701378254211,0.4022381438537641
rules,0.43856209150326797,0.3663398692810457
